region,p,q,x,n
AK_10_01,0.420411475,0.579588525,0.789896738,4394587
AL_10_01,0.711521554,0.288478446,0.842796019,4542006
AL_10_02,0.393770552,0.606229448,0.78051339,2924102
AL_10_03,0.518507914,0.481492086,0.441030024,2174819
AL_10_04,0.750092957,0.249907043,0.576789076,4088121
AL_10_05,0.852452269,0.147547731,0.657756673,3700826
AL_10_06,0.697221797,0.302778203,0.763759318,2885725
AL_10_07,0.523509516,0.476490484,0.818087245,2950148
AL_10_08,0.299188229,0.700811771,0.104381852,3952688
AL_10_09,0.241269489,0.758730511,0.843343787,1486381
AL_10_10,0.796409431,0.203590569,0.889107663,4058130
AL_10_11,0.779715829,0.220284171,0.230377419,1874371
AL_10_12,0.336749016,0.663250984,0.069872153,3660512
AL_10_13,0.138746272,0.861253728,0.08153676,2385169
AL_10_14,0.222666513,0.777333487,0.808509091,1593950
AL_10_15,0.830648349,0.169351651,0.993352372,1941194
AL_10_16,0.472012341,0.527987659,0.546061873,4666740
AL_10_17,0.2175758,0.7824242,0.161674558,4272257
AL_10_18,0.218519834,0.781480166,0.352501325,1760932
AL_10_19,0.291596812,0.708403188,0.261685442,3207414
AL_10_20,0.135027405,0.864972595,0.625750637,1576904
AL_10_21,0.236468476,0.763531524,0.320238646,2819294
AL_10_22,0.483593344,0.516406656,0.321814194,2349930
AR_10_01,0.59357014,0.40642986,0.253711596,2562659
AR_10_02,0.347257013,0.652742987,0.896920769,1344218
AR_10_03,0.723710324,0.276289676,0.758742658,3652477
AR_10_04,0.064592085,0.935407915,0.918491822,4964300
AR_10_05,0.374379941,0.625620059,0.204702812,2159002
AR_10_06,0.115217366,0.884782634,0.066741771,1654870
AR_10_07,0.14374405,0.85625595,0.556463062,2666613
AR_10_08,0.5198223,0.4801777,0.445146037,1450458
AR_10_09,0.225741894,0.774258106,0.978603945,1092121
AR_10_10,0.627525771,0.372474229,0.709321738,3732235
AR_10_11,0.18522724,0.81477276,0.386605376,1558215
AR_10_12,0.901241909,0.098758091,0.657403554,3302450
AR_10_13,0.491029953,0.508970047,0.200654993,3149344
AR_10_14,0.500503125,0.499496875,0.193298117,1062616
AR_10_15,0.55340506,0.44659494,0.502502452,4824344
AR_10_16,0.095599254,0.904400746,0.845607728,2393207
AR_10_17,0.494126687,0.505873313,0.252305047,1021102
AZ_10_01,0.267060282,0.732939718,0.326795095,1098069
AZ_10_02,0.13932719,0.86067281,0.049412297,1083106
AZ_10_03,0.772473321,0.227526679,0.953758652,3753521
AZ_10_04,0.491125204,0.508874796,0.643536824,4121721
AZ_10_05,0.926352774,0.073647226,0.512914628,3094489
AZ_10_06,0.207462611,0.792537389,0.615706974,2553428
AZ_10_07,0.921434924,0.078565076,0.041577955,4365061
AZ_10_08,0.881921495,0.118078505,0.760322274,3976271
AZ_10_09,0.898510076,0.101489924,0.375166343,1889635
CA_10_01,0.26806494,0.73193506,0.246126957,1012992
CA_10_02,0.017009411,0.982990589,0.66135676,3246526
CA_10_03,0.624417092,0.375582908,0.223962337,3665948
CA_10_04,0.019177198,0.980822802,0.617951753,3808200
CA_10_05,0.358997503,0.641002497,0.978647815,2651860
CA_10_06,0.770006022,0.229993978,0.307089258,2191447
CA_10_07,0.959409206,0.040590794,0.479779558,3812159
CA_10_08,0.434692561,0.565307439,0.545947615,4925008
CA_10_09,0.264591408,0.735408592,0.291456746,2010772
CA_10_10,0.655892855,0.344107145,0.37669073,4342812
CA_10_11,0.822134098,0.177865902,0.757327997,4360168
CA_10_12,0.870823131,0.129176869,0.800558981,3026301
CA_10_13,0.174499529,0.825500471,0.42589448,2015106
CA_10_14,0.717124621,0.282875379,0.21116913,2316254
CA_10_15,0.432281352,0.567718648,0.456482429,4940414
CA_10_16,0.096222901,0.903777099,0.673650509,4427768
CA_10_17,0.400259922,0.599740078,0.391342341,3807514
CA_10_18,0.593921151,0.406078849,0.907040477,3817512
CA_10_19,0.327360212,0.672639788,0.391553569,3082233
CA_10_20,0.605103148,0.394896852,0.602353501,3456105
CA_10_21,0.78252427,0.21747573,0.943064431,1048266
CA_10_22,0.335087054,0.664912946,0.546464317,1699907
CA_10_23,0.778019637,0.221980363,0.00198146,4575883
CA_10_24,0.832389936,0.167610064,0.626224648,1179070
CA_10_25,0.648184472,0.351815528,0.71297141,2578089
CA_10_26,0.842471434,0.157528566,0.371182561,4844411
CA_10_27,0.23595136,0.76404864,0.41252032,4795257
CA_10_28,0.954139492,0.045860508,0.007398621,2917765
CA_10_29,0.610744949,0.389255051,0.375012684,1139083
CA_10_30,0.109082322,0.890917678,0.098758605,1306141
CA_10_31,0.851007715,0.148992285,0.404623914,3678522
CA_10_32,0.984277112,0.015722888,0.606011885,3244878
CA_10_33,0.617916734,0.382083266,0.498799933,3957017
CA_10_34,0.148369125,0.851630875,0.692807328,1494176
CA_10_35,0.574732527,0.425267473,0.983859852,3823939
CA_10_36,0.5263571,0.4736429,0.887130217,4314721
CA_10_37,0.952209232,0.047790768,0.673021324,4252435
CA_10_38,0.163297428,0.836702572,0.854091598,4928370
CA_10_39,0.350932678,0.649067322,0.707530788,4377626
CA_10_40,0.358729081,0.641270919,0.477934191,2076843
CA_10_41,0.771752566,0.228247434,0.928182052,1535849
CO_10_01,0.825110024,0.174889976,0.677945699,2428810
CO_10_02,0.371066498,0.628933502,0.617176857,3506953
CO_10_03,0.445131496,0.554868504,0.06728059,1142940
CO_10_04,0.974287428,0.025712572,0.46511162,3600982
CO_10_05,0.103656365,0.896343635,0.303871641,2020263
CO_10_06,0.110344233,0.889655767,0.367450983,3544444
CO_10_07,0.324448598,0.675551402,0.60733955,4420574
CO_10_08,0.151021286,0.848978714,0.011991202,2707824
CT_10_01,0.368589168,0.631410832,0.591412117,3663009
CT_10_02,0.977465736,0.022534264,0.560919668,1354598
CT_10_03,0.209706762,0.790293238,0.660318681,4437922
CT_10_04,0.218738764,0.781261236,0.717470794,4953332
CT_10_05,0.610374974,0.389625026,0.611687943,1502641
CT_10_06,0.14986724,0.85013276,0.451350052,2474803
CT_10_07,0.34702285,0.65297715,0.874184015,3389762
CT_10_08,0.116768997,0.883231003,0.753530368,2338598
DC_10_01,0.264030449,0.735969551,0.706193682,3483851
DE_10_01,0.772860094,0.227139906,0.5278074,4779311
DE_10_02,0.857846604,0.142153396,0.835452843,4511268
DE_10_03,0.743853376,0.256146624,0.582063134,4534347
FL_10_01,0.744882742,0.255117258,0.80818955,2825646
FL_10_02,0.424413371,0.575586629,0.884747149,1586263
FL_10_03,0.58257821,0.41742179,0.350504418,1852036
FL_10_04,0.938966174,0.061033826,0.274032305,2892341
FL_10_05,0.522586356,0.477413644,0.563255888,4840987
FL_10_06,0.253631222,0.746368778,0.933385495,1813318
FL_10_07,0.598497142,0.401502858,0.356411257,2846205
FL_10_08,0.926491752,0.073508248,0.291539832,1875290
FL_10_09,0.128420617,0.871579383,0.59582838,4921102
FL_10_10,0.543260723,0.456739277,0.153009442,3105058
FL_10_11,0.537298387,0.462701613,0.521110387,1382066
FL_10_12,0.943718427,0.056281573,0.784074511,2236811
FL_10_13,0.98798783,0.01201217,0.270434981,2244292
FL_10_14,0.12181839,0.87818161,0.0686735,1025113
FL_10_15,0.314724936,0.685275064,0.197970011,4529224
FL_10_16,0.314381232,0.685618768,0.565518982,4817455
FL_10_17,0.229476516,0.770523484,0.65495367,1662044
FL_10_18,0.251656317,0.748343683,0.32016015,2772969
FL_10_19,0.571520832,0.428479168,0.676047498,1787193
FL_10_20,0.730939396,0.269060604,0.274025157,4763157
FL_10_21,0.736087206,0.263912794,0.822813199,1210451
FL_10_22,0.015522996,0.984477004,0.436255756,3230873
FL_10_23,0.819118721,0.180881279,0.2962226,1410892
FL_10_24,0.213384626,0.786615374,0.050361093,3347011
FL_10_25,0.800899714,0.199100286,0.067050131,2144221
FL_10_26,0.284737354,0.715262646,0.492635233,3640806
FL_10_27,0.253307419,0.746692581,0.005792549,4871554
FL_10_28,0.425068249,0.574931751,0.040016186,2832972
FL_10_29,0.505088691,0.494911309,0.816012861,3102206
FL_10_30,0.314221697,0.685778303,0.392716205,1307270
FL_10_31,0.430824879,0.569175121,0.261603991,1546034
FL_10_32,0.707297461,0.292702539,0.681292462,3067140
FL_10_33,0.970928768,0.029071232,0.625674849,1061752
FL_10_34,0.20371572,0.79628428,0.716634125,2393172
FL_10_35,0.856578815,0.143421185,0.02188254,1428046
FL_10_36,0.595225141,0.404774859,0.922451359,3447801
FL_10_37,0.223666031,0.776333969,0.382306567,2389548
FL_10_38,0.443918841,0.556081159,0.903445184,4140784
GA_10_01,0.973510539,0.026489461,0.189292575,4661183
GA_10_02,0.384200196,0.615799804,0.858062878,2127384
GA_10_03,0.289707537,0.710292463,0.984229528,3718311
GA_10_04,0.3292476,0.6707524,0.168814061,4320486
GA_10_05,0.555228817,0.444771183,0.963731703,4485962
GA_10_06,0.236768582,0.763231418,0.961771418,4054004
GA_10_07,0.243243422,0.756756578,0.255326006,2916464
GA_10_08,0.188569481,0.811430519,0.349953772,1098419
GA_10_09,0.585225716,0.414774284,0.459165957,1337350
GA_10_10,0.741389952,0.258610048,0.837650657,2448207
GA_10_11,0.972728802,0.027271198,0.925901416,3643225
GA_10_12,0.17152246,0.82847754,0.253224677,3928492
GA_10_13,0.603301451,0.396698549,0.017378383,2530033
GA_10_14,0.047473603,0.952526397,0.099091872,2719245
GA_10_15,0.170704521,0.829295479,0.708547916,1684322
GA_10_16,0.582653762,0.417346238,0.977853022,2598189
GA_10_17,0.285673602,0.714326398,0.400525164,4251528
GA_10_18,0.048837889,0.951162111,0.798472131,1873447
GA_10_19,0.676156919,0.323843081,0.490861772,2614778
GA_10_20,0.674801652,0.325198348,0.52040584,2461340
GA_10_21,0.882378332,0.117621668,0.094235378,1737952
GA_10_22,0.123713613,0.876286387,0.823654101,1723327
GA_10_23,0.06322932,0.93677068,0.569198246,1897811
GA_10_24,0.031650449,0.968349551,0.568477197,2799836
GA_10_25,0.438983487,0.561016513,0.370080066,1584390
GA_10_26,0.52790255,0.47209745,0.023926742,2386979
GA_10_27,0.360489658,0.639510342,0.972846659,2974573
GA_10_28,0.8684249,0.1315751,0.21344892,2985912
GA_10_29,0.908399151,0.091600849,0.471486323,2827396
GA_10_30,0.43094193,0.56905807,0.535386511,3507233
GA_10_31,0.206664198,0.793335802,0.744436091,2453148
GA_10_32,0.023960626,0.976039374,0.47122198,2250954
GA_10_33,0.508751701,0.491248299,0.328951836,2038108
GA_10_34,0.142066551,0.857933449,0.306030851,2601743
GA_10_35,0.716956776,0.283043224,0.621048635,2051951
GA_10_36,0.413414896,0.586585104,0.344483228,3044088
GA_10_37,0.106108581,0.893891419,0.868260757,2158501
GA_10_38,0.597479771,0.402520229,0.14717644,4244644
GA_10_39,0.674324207,0.325675793,0.445570651,2571369
GA_10_40,0.865542169,0.134457831,0.285864856,3775636
GA_10_41,0.483240903,0.516759097,0.564640622,1273282
GA_10_42,0.810896321,0.189103679,0.291215272,3429737
GA_10_43,0.650216134,0.349783866,0.152949197,1539909
GA_10_44,0.615396892,0.384603108,0.410645256,4707833
GA_10_45,0.071183373,0.928816627,0.112967184,2364125
GA_10_46,0.120278949,0.879721051,0.374161081,2375072
GA_10_47,0.304976188,0.695023812,0.093786644,1924958
HI_10_01,0.038975224,0.961024776,0.198525332,1235161
HI_10_02,0.960480818,0.039519182,0.794119093,2914954
HI_10_03,0.197576943,0.802423057,0.817493187,2904890
IA_10_01,0.609329405,0.390670595,0.706676138,2667427
IA_10_02,0.088038506,0.911961494,0.476663093,3025736
IA_10_03,0.508293087,0.491706913,0.74395383,4591351
IA_10_04,0.393607539,0.606392461,0.109991424,2849584
IA_10_05,0.418862454,0.581137546,0.663745212,4367351
IA_10_06,0.275823932,0.724176068,0.414244516,3618835
IA_10_07,0.05524022,0.94475978,0.350218383,2040137
IA_10_08,0.473467678,0.526532322,0.290198908,3572182
IA_10_09,0.411394687,0.588605313,0.413956314,3423162
IA_10_10,0.10631327,0.89368673,0.981100993,2467499
IA_10_11,0.436882942,0.563117058,0.458364628,2655342
IA_10_12,0.245281349,0.754718651,0.776748046,4547396
IA_10_13,0.015998782,0.984001218,0.748390447,4609180
IA_10_14,0.798743287,0.201256713,0.398252055,4228097
IA_10_15,0.718813269,0.281186731,0.195059237,3212357
IA_10_16,0.529850391,0.470149609,0.905473375,3856178
IA_10_17,0.889444935,0.110555065,0.553754069,1817291
IA_10_18,0.780020589,0.219979411,0.513122662,4433668
IA_10_19,0.374506153,0.625493847,0.399164755,3331546
ID_10_01,0.236718523,0.763281477,0.938711748,4386384
ID_10_02,0.721003682,0.278996318,0.704054929,3208893
ID_10_03,0.568629166,0.431370834,0.116894584,4408621
ID_10_04,0.304319855,0.695680145,0.506219031,1976495
ID_10_05,0.50268048,0.49731952,0.417722975,3138618
ID_10_06,0.874256488,0.125743512,0.070931426,4718662
ID_10_07,0.641827292,0.358172708,0.674292596,4452901
IL_10_01,0.117463907,0.882536093,0.237200022,1304994
IL_10_02,0.729653326,0.270346674,0.267232372,4234997
IL_10_03,0.142581386,0.857418614,0.234666029,4579235
IL_10_04,0.523040563,0.476959437,0.607168867,4236600
IL_10_05,0.48158686,0.51841314,0.2627689,4243201
IL_10_06,0.735655454,0.264344546,0.944452996,3997172
IL_10_07,0.791980456,0.208019544,0.679718179,1425272
IL_10_08,0.059313499,0.940686501,0.489688754,4785743
IL_10_09,0.220125659,0.779874341,0.082588532,3899610
IL_10_10,0.22795551,0.77204449,0.029910534,2058124
IL_10_11,0.145720609,0.854279391,0.138892613,3052698
IL_10_12,0.517539444,0.482460556,0.364153335,4715783
IL_10_13,0.678113893,0.321886107,0.695353376,1245156
IL_10_14,0.641896514,0.358103486,0.012046953,4396387
IL_10_15,0.544058289,0.455941711,0.181366984,4672422
IL_10_16,0.176312579,0.823687421,0.776527448,3821809
IL_10_17,0.608533847,0.391466153,0.765578002,2754568
IL_10_18,0.548325958,0.451674042,0.070227386,2803931
IL_10_19,0.692466161,0.307533839,0.665801928,4579266
IL_10_20,0.67306234,0.32693766,0.170460261,2887254
IL_10_21,0.28739946,0.71260054,0.778481171,1204902
IL_10_22,0.650236175,0.349763825,0.844108377,1274208
IL_10_23,0.76452327,0.23547673,0.025214134,3484127
IL_10_24,0.886621822,0.113378178,0.035934569,2865426
IL_10_25,0.277622111,0.722377889,0.835121968,3735168
IL_10_26,0.249818448,0.750181552,0.855725636,2024552
IL_10_27,0.142705756,0.857294244,0.335066762,3828381
IL_10_28,0.100651093,0.899348907,0.471769818,2200450
IL_10_29,0.243128957,0.756871043,0.627687569,2036368
IL_10_30,0.985881264,0.014118736,0.375876631,2306794
IL_10_31,0.623290756,0.376709244,0.943314411,4366909
IL_10_32,0.086633453,0.913366547,0.582458768,1616970
IL_10_33,0.015338404,0.984661596,0.866496613,4245486
IL_10_34,0.207974223,0.792025777,0.382801145,4898567
IN_10_01,0.660274497,0.339725503,0.273703322,1161360
IN_10_02,0.69380317,0.30619683,0.209787091,4584218
IN_10_03,0.065787556,0.934212444,0.200705826,4966713
IN_10_04,0.934859177,0.065140823,0.884626008,4456448
IN_10_05,0.458671924,0.541328076,0.077255668,3691134
IN_10_06,0.622203788,0.377796212,0.035558892,4256353
IN_10_07,0.640958751,0.359041249,0.64630085,4644599
IN_10_08,0.148698655,0.851301345,0.161595828,1312322
IN_10_09,0.760877838,0.239122162,0.031488501,3771394
IN_10_10,0.710099211,0.289900789,0.803662564,4536619
IN_10_11,0.31959674,0.68040326,0.899194963,1477632
IN_10_12,0.207462832,0.792537168,0.467385944,3106655
IN_10_13,0.632137715,0.367862285,0.185451315,4809261
IN_10_14,0.879572268,0.120427732,0.141018304,4896002
IN_10_15,0.642117867,0.357882133,0.177374964,3976673
IN_10_16,0.674422263,0.325577737,0.271431936,4282316
IN_10_17,0.251893976,0.748106024,0.761904897,2253372
IN_10_18,0.934776787,0.065223213,0.54488728,1697476
IN_10_19,0.915932194,0.084067806,0.621546951,3164483
IN_10_20,0.2638524,0.7361476,0.149680177,1855143
IN_10_21,0.463646581,0.536353419,0.50940654,4666968
IN_10_22,0.742955358,0.257044642,0.178417533,3632617
IN_10_23,0.377928132,0.622071868,0.761236861,2095992
IN_10_24,0.282159813,0.717840187,0.419771641,3561892
IN_10_25,0.356385345,0.643614655,0.53014847,1779941
IN_10_26,0.659700781,0.340299219,0.854506618,4444805
IN_10_27,0.695856709,0.304143291,0.007001621,3628808
IN_10_28,0.616478119,0.383521881,0.364650331,1050908
IN_10_29,0.169944775,0.830055225,0.155932787,3015868
IN_10_30,0.622539472,0.377460528,0.058229719,4126377
IN_10_31,0.052048738,0.947951262,0.36984738,3326371
IN_10_32,0.949117451,0.050882549,0.637532727,3798672
IN_10_33,0.209047515,0.790952485,0.036034863,1575543
IN_10_34,0.640340165,0.359659835,0.290819238,4006647
IN_10_35,0.956789727,0.043210273,0.418235225,3387330
IN_10_36,0.1759692,0.8240308,0.213020565,4252245
KS_10_01,0.418015826,0.581984174,0.127541603,1713904
KS_10_02,0.885736053,0.114263947,0.059302531,2071123
KS_10_03,0.667393263,0.332606737,0.5111763,4598306
KS_10_04,0.142653698,0.857346302,0.103757809,4902993
KS_10_05,0.465348375,0.534651625,0.54622896,3997860
KS_10_06,0.527076051,0.472923949,0.63225095,1930971
KS_10_07,0.219971909,0.780028091,0.737502381,3213631
KS_10_08,0.546341861,0.453658139,0.084635841,4519953
KS_10_09,0.428197348,0.571802652,0.489004999,1207460
KS_10_10,0.811155797,0.188844203,0.424242228,1799117
KS_10_11,0.119416043,0.880583957,0.325489257,1786276
KS_10_12,0.107624585,0.892375415,0.616411992,3378998
KS_10_13,0.71246527,0.28753473,0.589647345,2018838
KS_10_14,0.595469548,0.404530452,0.128933846,3786967
KY_10_01,0.772073465,0.227926535,0.562180622,2579244
KY_10_02,0.979826324,0.020173676,0.641672051,2868903
KY_10_03,0.89731769,0.10268231,0.902167546,4878425
KY_10_04,0.465006453,0.534993547,0.478366036,2346090
KY_10_05,0.947544936,0.052455064,0.535540622,2398510
KY_10_06,0.618222518,0.381777482,0.036010022,1391247
KY_10_07,0.502000076,0.497999924,0.811253042,3928155
KY_10_08,0.836257181,0.163742819,0.075526653,3702650
KY_10_09,0.65150793,0.34849207,0.495986311,4957308
KY_10_10,0.122644556,0.877355444,0.979224252,1991100
KY_10_11,0.524646948,0.475353052,0.541844128,1841549
KY_10_12,0.212162069,0.787837931,0.876565321,2322002
KY_10_13,0.929183253,0.070816747,0.839836928,2441301
KY_10_14,0.350526238,0.649473762,0.75926993,1826871
KY_10_15,0.808342519,0.191657481,0.388393876,3689020
KY_10_16,0.111927694,0.888072306,0.915365114,2920594
KY_10_17,0.524235102,0.475764898,0.447442881,4701433
KY_10_18,0.380959521,0.619040479,0.054482303,3920762
KY_10_19,0.501491436,0.498508564,0.498702699,4783121
KY_10_20,0.182221862,0.817778138,0.478465052,1817247
KY_10_21,0.941070445,0.058929555,0.019081004,2965452
KY_10_22,0.823376237,0.176623763,0.139112972,2203608
KY_10_23,0.691105193,0.308894807,0.036307045,3472833
KY_10_24,0.633194395,0.366805605,0.970017253,4102989
KY_10_25,0.661551548,0.338448452,0.050565809,4604808
KY_10_26,0.963533461,0.036466539,0.22610254,3116304
LA_10_01,0.626243152,0.373756848,0.572311689,1862442
LA_10_02,0.560397072,0.439602928,0.446006713,3422890
LA_10_03,0.620392117,0.379607883,0.714837099,1692472
LA_10_04,0.260935277,0.739064723,0.348692392,4002081
LA_10_05,0.992169736,0.007830264,0.07367328,1543298
LA_10_06,0.036797191,0.963202809,0.993050148,1112320
LA_10_07,0.114189229,0.885810771,0.076734682,2841939
LA_10_08,0.912333307,0.087666693,0.320200937,2152080
LA_10_09,0.136383547,0.863616453,0.695117148,2519967
LA_10_10,0.548092211,0.451907789,0.508205071,4871340
LA_10_11,0.376298375,0.623701625,0.83682217,3662186
LA_10_12,0.244668361,0.755331639,0.77684316,4844054
LA_10_13,0.41290387,0.58709613,0.118771811,4412919
LA_10_14,0.971474539,0.028525461,0.740643386,1739584
LA_10_15,0.76990317,0.23009683,0.886837788,4878176
LA_10_16,0.817951156,0.182048844,0.449542279,3157449
LA_10_17,0.876306541,0.123693459,0.802891797,3993146
LA_10_18,0.512993049,0.487006951,0.569666119,3030991
LA_10_19,0.565937183,0.434062817,0.650681781,3368632
LA_10_20,0.311516124,0.688483876,0.91146294,1967673
LA_10_21,0.226051982,0.773948018,0.266296266,3592880
LA_10_22,0.552687891,0.447312109,0.797511443,4734531
LA_10_23,0.864013727,0.135986273,0.027592475,3383043
MA_10_01,0.60552679,0.39447321,0.194608327,2397708
MA_10_02,0.140810202,0.859189798,0.81341789,4726462
MA_10_03,0.229122018,0.770877982,0.255106583,4696023
MA_10_04,0.562167727,0.437832273,0.403904341,2709391
MA_10_05,0.781804245,0.218195755,0.756244569,3988060
MD_10_01,0.587626839,0.412373161,0.28922019,2686299
MD_10_02,0.442609905,0.557390095,0.112034264,4573981
MD_10_03,0.330378633,0.669621367,0.647170099,3035415
MD_10_04,0.09547727,0.90452273,0.25553546,2330530
MD_10_05,0.798145041,0.201854959,0.123250427,3322330
MD_10_06,0.632162985,0.367837015,0.910455932,2331204
MD_10_07,0.35099856,0.64900144,0.279102669,2903252
MD_10_08,0.050800815,0.949199185,0.411457377,1902827
MD_10_09,0.857819224,0.142180776,0.433265562,3720864
MD_10_10,0.397984632,0.602015368,0.776593564,1792709
MD_10_11,0.964160747,0.035839253,0.739251522,3661701
MD_10_12,0.592864508,0.407135492,0.287312109,2826071
MD_10_13,0.924572297,0.075427703,0.650209175,4501945
MD_10_14,0.320786,0.679214,0.015046673,2807927
MD_10_15,0.749841829,0.250158171,0.376532118,4475662
MD_10_16,0.502774455,0.497225545,0.69113994,1944507
ME_10_01,0.333300206,0.666699794,0.532845822,4255102
ME_10_02,0.330469712,0.669530288,0.261325867,1054206
ME_10_03,0.467094937,0.532905063,0.8804967,3948856
ME_10_04,0.149463257,0.850536743,0.846705539,2855236
ME_10_05,0.695686675,0.304313325,0.42988543,1595891
ME_10_06,0.545208108,0.454791892,0.828033025,1983494
ME_10_07,0.662514626,0.337485374,0.179777463,2204589
MI_10_01,0.734286375,0.265713625,0.344776153,3146154
MI_10_02,0.992195208,0.007804792,0.898974895,4171157
MI_10_03,0.228420605,0.771579395,0.727093482,2711063
MI_10_04,0.089151051,0.910848949,0.412532258,4892510
MI_10_05,0.685959733,0.314040267,0.097878029,4016388
MI_10_06,0.8151286,0.1848714,0.37110402,4621569
MI_10_07,0.555186561,0.444813439,0.627152682,2177909
MI_10_08,0.965009622,0.034990378,0.684809626,3018346
MI_10_09,0.026862519,0.973137481,0.779778621,4145567
MI_10_10,0.343800592,0.656199408,0.618660433,2386454
MI_10_11,0.883399157,0.116600843,0.363972313,2836376
MI_10_12,0.055018101,0.944981899,0.200851874,3379224
MI_10_13,0.058514571,0.941485429,0.218035716,2068909
MI_10_14,0.00735938,0.99264062,0.852769203,4438623
MI_10_15,0.586390401,0.413609599,0.658376916,4631692
MI_10_16,0.584892006,0.415107994,0.341071013,1411991
MI_10_17,0.786333072,0.213666928,0.086917757,4721855
MI_10_18,0.576301783,0.423698217,0.251557279,1828176
MI_10_19,0.252984268,0.747015732,0.727343864,4300532
MI_10_20,0.837104136,0.162895864,0.795561386,1974053
MI_10_21,0.291511276,0.708488724,0.935600306,2767578
MI_10_22,0.652051807,0.347948193,0.573775992,4976614
MI_10_23,0.237389966,0.762610034,0.145164537,3340725
MI_10_24,0.365340772,0.634659228,0.512484959,3316383
MI_10_25,0.106480463,0.893519537,0.3023496,2898643
MI_10_26,0.415799395,0.584200605,0.78336763,4193342
MI_10_27,0.268076115,0.731923885,0.314100466,3744999
MI_10_28,0.755904962,0.244095038,0.513636055,2660161
MI_10_29,0.39552655,0.60447345,0.811932611,2491146
MI_10_30,0.955727529,0.044272471,0.298917133,4350589
MI_10_31,0.06637616,0.93362384,0.796454035,4582704
MI_10_32,0.061598763,0.938401237,0.504138734,4381691
MI_10_33,0.752810075,0.247189925,0.708952499,4692022
MN_10_01,0.54160268,0.45839732,0.062730231,1650990
MN_10_02,0.025108165,0.974891835,0.07966504,4755111
MN_10_03,0.825073079,0.174926921,0.001384468,3006455
MN_10_04,0.210397995,0.789602005,0.302050594,4972719
MN_10_05,0.864035253,0.135964747,0.438150709,2009769
MN_10_06,0.915315787,0.084684213,0.020220181,1710612
MN_10_07,0.031204005,0.968795995,0.10004676,4940434
MN_10_08,0.967296284,0.032703716,0.344534567,1922535
MN_10_09,0.984684219,0.015315781,0.818894567,4419275
MN_10_10,0.771012186,0.228987814,0.537691356,4802331
MN_10_11,0.687323676,0.312676324,0.913846231,3056440
MN_10_12,0.946568174,0.053431826,0.681223761,4473326
MN_10_13,0.998081041,0.001918959,0.342399709,4606343
MN_10_14,0.780142188,0.219857812,0.366222944,3895054
MN_10_15,0.365033355,0.634966645,0.750280936,3772303
MN_10_16,0.675846425,0.324153575,0.683326163,2432219
MN_10_17,0.030744411,0.969255589,0.530284828,3018248
MN_10_18,0.906107462,0.093892538,0.795353902,2016983
MN_10_19,0.771336847,0.228663153,0.813831435,2901880
MN_10_20,0.672563082,0.327436918,0.829395568,4914376
MN_10_21,0.597989605,0.402010395,0.453258882,4560729
MN_10_22,0.932481018,0.067518982,0.082645516,3133224
MN_10_23,0.457722922,0.542277078,0.477593349,1935460
MO_10_01,0.296541614,0.703458386,0.011520947,1730931
MO_10_02,0.693003641,0.306996359,0.334112134,4419279
MO_10_03,0.924218503,0.075781497,0.197105286,1858231
MO_10_04,0.342736596,0.657263404,0.793188515,3291213
MO_10_05,0.07568575,0.92431425,0.614476073,1908244
MO_10_06,0.743812845,0.256187155,0.388528108,2932057
MO_10_07,0.801142451,0.198857549,0.930852343,1552724
MO_10_08,0.474166264,0.525833736,0.437114437,3256336
MO_10_09,0.549826302,0.450173698,0.069637024,2490193
MO_10_10,0.774690097,0.225309903,0.799834056,3179629
MO_10_11,0.936669736,0.063330264,0.847816553,2101266
MO_10_12,0.529834174,0.470165826,0.41156879,4419680
MO_10_13,0.475920006,0.524079994,0.595833442,1740366
MO_10_14,0.432451513,0.567548487,0.231489545,3922156
MO_10_15,0.596602155,0.403397845,0.397868892,1558645
MO_10_16,0.126197207,0.873802793,0.989024738,3163437
MO_10_17,0.134683406,0.865316594,0.769670732,1174583
MO_10_18,0.043721623,0.956278377,0.776637227,4386450
MO_10_19,0.779263401,0.220736599,0.579745811,2574053
MO_10_20,0.918367882,0.081632118,0.236677754,2704433
MO_10_21,0.739447221,0.260552779,0.377507575,4415306
MO_10_22,0.420817459,0.579182541,0.045228524,3095002
MO_10_23,0.910007816,0.089992184,0.701416948,4618436
MO_10_24,0.673127002,0.326872998,0.845509302,4819653
MO_10_25,0.601345916,0.398654084,0.84930468,3215570
MO_10_26,0.074557506,0.925442494,0.813998287,4215741
MO_10_27,0.078296663,0.921703337,0.516496242,4850066
MO_10_28,0.737185146,0.262814854,0.208938786,4087147
MS_10_01,0.447095256,0.552904744,0.35407912,3634834
MS_10_02,0.245291166,0.754708834,0.898712824,3396701
MS_10_03,0.436561985,0.563438015,0.195040763,3714735
MS_10_04,0.192492554,0.807507446,0.900914736,4666974
MS_10_05,0.869343846,0.130656154,0.828166327,4480228
MS_10_06,0.000845918,0.999154082,0.914890701,1040982
MS_10_07,0.340248195,0.659751805,0.24718203,4792509
MS_10_08,0.991223098,0.008776902,0.283709275,2629378
MS_10_09,0.502961128,0.497038872,0.562601592,1836977
MS_10_10,0.306596653,0.693403347,0.422247264,3157636
MS_10_11,0.529552286,0.470447714,0.714232295,2585675
MS_10_12,0.160938466,0.839061534,0.942968609,3964455
MS_10_13,0.483841614,0.516158386,0.249437606,2795219
MS_10_14,0.895956108,0.104043892,0.012724847,2535944
MS_10_15,0.199474189,0.800525811,0.344590628,2221633
MS_10_16,0.187215963,0.812784037,0.446381463,1280758
MS_10_17,0.508872919,0.491127081,0.855654477,1739539
MS_10_18,0.805250565,0.194749435,0.086381052,3627914
MT_10_01,0.366261992,0.633738008,0.276715401,3634060
MT_10_02,0.600290543,0.399709457,0.741696007,3994217
MT_10_03,0.889265015,0.110734985,0.912460032,3353410
MT_10_04,0.042731234,0.957268766,0.401231993,1760188
MT_10_05,0.915372596,0.084627404,0.502472169,4697682
MT_10_06,0.203836597,0.796163403,0.952054542,1272574
NC_10_01,0.050030556,0.949969444,0.349405469,4517818
NC_10_02,0.267884297,0.732115703,0.793601396,1024529
NC_10_03,0.00485268,0.99514732,0.437518531,4657214
NC_10_04,0.357712345,0.642287655,0.49636135,2969583
NC_10_05,0.723738778,0.276261222,0.446083936,4277619
NC_10_06,0.40576288,0.59423712,0.140467038,1885686
NC_10_07,0.125899908,0.874100092,0.573352463,2856141
NC_10_08,0.711148634,0.288851366,0.953473585,2926895
NC_10_09,0.520536717,0.479463283,0.683328164,3101640
NC_10_10,0.70603517,0.29396483,0.919747461,1892234
NC_10_11,0.978740301,0.021259699,0.811491719,4109262
NC_10_12,0.42676373,0.57323627,0.523877853,2550118
NC_10_13,0.107663203,0.892336797,0.014064369,1615349
NC_10_14,0.274801921,0.725198079,0.796578617,3765709
NC_10_15,0.739292987,0.260707013,0.12212488,1580818
NC_10_16,0.296221006,0.703778994,0.077880526,1297703
NC_10_17,0.837624091,0.162375909,0.873977333,3989083
NC_10_18,0.821417637,0.178582363,0.507133431,2853260
NC_10_19,0.908313028,0.091686972,0.752116597,1962715
NC_10_20,0.323915782,0.676084218,0.61815203,4038622
NC_10_21,0.639033965,0.360966035,0.626971991,2812678
NC_10_22,0.176637163,0.823362837,0.009035076,4804035
NC_10_23,0.347576146,0.652423854,0.237496638,3455085
NC_10_24,0.405299279,0.594700721,0.791362425,1246467
NC_10_25,0.650314757,0.349685243,0.987508992,2268566
NC_10_26,0.005742866,0.994257134,0.294187491,1802558
NC_10_27,0.079730959,0.920269041,0.369175206,2809914
NC_10_28,0.582475148,0.417524852,0.813930047,3062053
NC_10_29,0.912498242,0.087501758,0.084559362,4721607
NC_10_30,0.891439744,0.108560256,0.166324671,1586225
NC_10_31,0.938228327,0.061771673,0.706511828,3643332
NC_10_32,0.015304456,0.984695544,0.356117091,2170129
NC_10_33,0.702105479,0.297894521,0.269465446,1368492
NC_10_34,0.060468829,0.939531171,0.185949639,3008829
NC_10_35,0.649748044,0.350251956,0.681657762,4831612
NC_10_36,0.733527834,0.266472166,0.825643495,1920739
NC_10_37,0.245466418,0.754533582,0.725108979,2276285
NC_10_38,0.704479411,0.295520589,0.697383427,4528393
NC_10_39,0.358972443,0.641027557,0.149606461,1739107
NC_10_40,0.385187403,0.614812597,0.158035775,1779292
NC_10_41,0.852873213,0.147126787,0.971622474,2770630
NC_10_42,0.035007151,0.964992849,0.556800828,2245332
NC_10_43,0.748683115,0.251316885,0.936603037,1503949
NC_10_44,0.323618989,0.676381011,0.892881075,3913431
NC_10_45,0.317893605,0.682106395,0.625455674,1684068
ND_10_01,0.087226379,0.912773621,0.773315397,3325206
ND_10_02,0.55974265,0.44025735,0.971985631,2228058
ND_10_03,0.540761552,0.459238448,0.254953349,4038722
ND_10_04,0.691624672,0.308375328,0.975277546,1884633
ND_10_05,0.638128386,0.361871614,0.664255555,4440714
NE_10_01,0.603293007,0.396706993,0.134247641,1731193
NE_10_02,0.698217497,0.301782503,0.903684059,2464671
NE_10_03,0.646717576,0.353282424,0.963693691,4815379
NE_10_04,0.007153921,0.992846079,0.439317379,4073988
NE_10_05,0.779946827,0.220053173,0.488428821,1479945
NE_10_06,0.318043267,0.681956733,0.348110692,4015619
NE_10_07,0.793313335,0.206686665,0.746521731,3692182
NE_10_08,0.947602443,0.052397557,0.060395844,2996713
NE_10_09,0.614059525,0.385940475,0.876215856,3885945
NE_10_10,0.099692894,0.900307106,0.933832086,4373138
NH_10_01,0.809228561,0.190771439,0.84237664,1283854
NH_10_02,0.202985291,0.797014709,0.488458282,4523255
NH_10_03,0.782651524,0.217348476,0.208154544,3509967
NJ_10_01,0.247880907,0.752119093,0.625441647,2797049
NJ_10_02,0.919977531,0.080022469,0.515254635,1238386
NJ_10_03,0.071021265,0.928978735,0.7482023,2269848
NJ_10_04,0.656704528,0.343295472,0.663999445,4746992
NJ_10_05,0.509864348,0.490135652,0.411567374,1737202
NJ_10_06,0.607179785,0.392820215,0.633974488,2761336
NJ_10_07,0.461146028,0.538853972,0.841563782,1207223
NJ_10_08,0.750882891,0.249117109,0.311811746,4724756
NJ_10_09,0.769369499,0.230630501,0.468547427,4323653
NJ_10_10,0.692484934,0.307515066,0.015786899,1264082
NJ_10_11,0.933005684,0.066994316,0.276968641,2419510
NJ_10_12,0.441479712,0.558520288,0.145168876,1976677
NJ_10_13,0.083884074,0.916115926,0.864950247,3212196
NJ_10_14,0.34272118,0.65727882,0.434619188,2057477
NJ_10_15,0.659107631,0.340892369,0.553949102,4290435
NJ_10_16,0.289579079,0.710420921,0.86090973,2512165
NJ_10_17,0.985066544,0.014933456,0.031781874,2362841
NJ_10_18,0.021196319,0.978803681,0.128105417,4320359
NJ_10_19,0.890380243,0.109619757,0.22832722,3961176
NM_10_01,0.413024247,0.586975753,0.300598082,4266839
NM_10_02,0.719793139,0.280206861,0.955837174,1200167
NM_10_03,0.705710428,0.294289572,0.412250453,3471339
NM_10_04,0.810805748,0.189194252,0.939982844,3091120
NM_10_05,0.275142938,0.724857062,0.296452942,2191890
NM_10_06,0.761599731,0.238400269,0.88398104,4153520
NM_10_07,0.146564394,0.853435606,0.447551476,4275483
NM_10_08,0.742424491,0.257575509,0.239011146,1354879
NM_10_09,0.466431409,0.533568591,0.772614106,2810609
NM_10_10,0.986331242,0.013668758,0.268753704,3318647
NV_10_01,0.346358775,0.653641225,0.657133027,3906216
NV_10_02,0.582318852,0.417681148,0.707445382,1591469
NV_10_03,0.658927495,0.341072505,0.030257608,1925741
NV_10_04,0.158221814,0.841778186,0.148953848,2594654
NY_10_01,0.830134649,0.169865351,0.107165145,3727127
NY_10_02,0.719933762,0.280066238,0.873605546,1723857
NY_10_03,0.086384319,0.913615681,0.397557258,4104274
NY_10_04,0.980250862,0.019749138,0.955832201,1869857
NY_10_05,0.542657447,0.457342553,0.478641877,3606847
NY_10_06,0.272388322,0.727611678,0.177623484,3903699
NY_10_07,0.770245752,0.229754248,0.598460324,2195894
NY_10_08,0.402550839,0.597449161,0.156297501,1598429
NY_10_09,0.923360465,0.076639535,0.751854161,1341414
NY_10_10,0.003832703,0.996167297,0.382511024,2596940
NY_10_11,0.427274169,0.572725831,0.297969197,2808060
NY_10_12,0.299936351,0.700063649,0.769679302,2336540
NY_10_13,0.958851713,0.041148287,0.456744844,1080606
NY_10_14,0.593826604,0.406173396,0.276943018,4937741
NY_10_15,0.958035802,0.041964198,0.924547985,4656772
NY_10_16,0.650980008,0.349019992,0.251132023,4436771
NY_10_17,0.65396555,0.34603445,0.119184987,3102570
NY_10_18,0.878809312,0.121190688,0.103329315,1581913
NY_10_19,0.382424705,0.617575295,0.357323174,1057263
NY_10_20,0.216944734,0.783055266,0.764212068,1263228
NY_10_21,0.994906297,0.005093703,0.738365215,1988413
NY_10_22,0.23412765,0.76587235,0.926117397,3071378
NY_10_23,0.979183071,0.020816929,0.161640574,3631031
NY_10_24,0.886471165,0.113528835,0.156925366,4825044
NY_10_25,0.567837074,0.432162926,0.267429202,4036446
NY_10_26,0.650870695,0.349129305,0.976268956,2208623
NY_10_27,0.00634288,0.99365712,0.496610697,3047959
NY_10_28,0.075802876,0.924197124,0.841914238,1693358
NY_10_29,0.211171,0.788829,0.271253756,4109813
NY_10_30,0.206520465,0.793479535,0.082164968,2140243
NY_10_31,0.339314254,0.660685746,0.264790253,1653629
NY_10_32,0.488160507,0.511839493,0.462171487,3290002
NY_10_33,0.900248175,0.099751825,0.468626008,1151660
NY_10_34,0.287854306,0.712145694,0.638171369,4008560
NY_10_35,0.478745437,0.521254563,0.891724917,2984566
NY_10_36,0.425585887,0.574414113,0.971609534,3945111
NY_10_37,0.941751108,0.058248892,0.907717069,2770691
NY_10_38,0.523760872,0.476239128,0.752159852,2504870
OH_10_01,0.944706388,0.055293612,0.49550291,2707443
OH_10_02,0.35920132,0.64079868,0.262600985,3438862
OH_10_03,0.721717151,0.278282849,0.037657395,4091879
OH_10_04,0.357547465,0.642452535,0.19567114,4331625
OH_10_05,0.671260119,0.328739881,0.490955073,2448904
OH_10_06,0.239767678,0.760232322,0.347103823,1617304
OH_10_07,0.780686166,0.219313834,0.726976958,4587773
OH_10_08,0.64562926,0.35437074,0.953674508,2531905
OH_10_09,0.764746455,0.235253545,0.084255818,2457897
OH_10_10,0.201182947,0.798817053,0.533309855,3305264
OH_10_11,0.222955661,0.777044339,0.07960847,1475814
OH_10_12,0.459072017,0.540927983,0.534211196,4753215
OH_10_13,0.332757963,0.667242037,0.490082067,4628629
OH_10_14,0.230353467,0.769646533,0.624001988,2820627
OH_10_15,0.444888448,0.555111552,0.595249352,1269826
OH_10_16,0.117430284,0.882569716,0.34746473,1220729
OH_10_17,0.259343947,0.740656053,0.137181883,4493689
OH_10_18,0.521927986,0.478072014,0.13224813,1956144
OH_10_19,0.923222967,0.076777033,0.758131064,1372080
OH_10_20,0.559639011,0.440360989,0.95395165,3525284
OH_10_21,0.341649835,0.658350165,0.548302242,1795558
OH_10_22,0.097944146,0.902055854,0.408938618,4867603
OH_10_23,0.828408675,0.171591325,0.230003602,2459917
OH_10_24,0.265125502,0.734874498,0.0184352,1218509
OH_10_25,0.166727455,0.833272545,0.151287687,4847688
OH_10_26,0.881941062,0.118058938,0.586196561,2419668
OH_10_27,0.622544014,0.377455986,0.871206327,2962749
OH_10_28,0.922172288,0.077827712,0.767510416,3029556
OH_10_29,0.051349343,0.948650657,0.334161614,3499851
OH_10_30,0.203276813,0.796723187,0.219202011,4389023
OH_10_31,0.838179605,0.161820395,0.929859273,4548802
OH_10_32,0.78362318,0.21637682,0.942964501,4492927
OH_10_33,0.654558937,0.345441063,0.102828477,2558620
OH_10_34,0.185401228,0.814598772,0.507992329,2715893
OH_10_35,0.013798091,0.986201909,0.463723073,3300044
OH_10_36,0.378542529,0.621457471,0.959950692,3901933
OH_10_37,0.2362032,0.7637968,0.192219554,1435814
OH_10_38,0.071905267,0.928094733,0.114485642,1534402
OH_10_39,0.214152018,0.785847982,0.255541592,4947015
OH_10_40,0.717147151,0.282852849,0.808354716,3131756
OH_10_41,0.134039146,0.865960854,0.915619929,3746607
OH_10_42,0.777023024,0.222976976,0.578370556,1841172
OH_10_43,0.372738526,0.627261474,0.516478217,2482584
OH_10_44,0.97270221,0.02729779,0.210625399,3670117
OH_10_45,0.050753211,0.949246789,0.666146944,4691294
OH_10_46,0.158559325,0.841440675,0.960545126,2297340
OK_10_01,0.345722145,0.654277855,0.243410825,1949630
OK_10_02,0.803282304,0.196717696,0.11512636,3744660
OK_10_03,0.265829502,0.734170498,0.742951671,4302026
OK_10_04,0.34973461,0.65026539,0.494097697,1648705
OK_10_05,0.536931289,0.463068711,0.343077606,3745239
OK_10_06,0.279165852,0.720834148,0.719812465,3401180
OK_10_07,0.644684821,0.355315179,0.620141952,4816757
OK_10_08,0.633745182,0.366254818,0.233241418,1359655
OK_10_09,0.899739369,0.100260631,0.277352705,2700445
OK_10_10,0.571367113,0.428632887,0.379754346,1734861
OK_10_11,0.948828474,0.051171526,0.783650207,2452488
OK_10_12,0.509569593,0.490430407,0.590622539,3361094
OK_10_13,0.497971804,0.502028196,0.355269229,2854177
OR_10_01,0.044851167,0.955148833,0.567461255,2580061
OR_10_02,0.296206394,0.703793606,0.220296668,4392489
OR_10_03,0.722776631,0.277223369,0.360268834,4233536
OR_10_04,0.817664871,0.182335129,0.241453887,2535643
OR_10_05,0.940948427,0.059051573,0.94001662,4741685
OR_10_06,0.473294085,0.526705915,0.957381648,1920198
OR_10_07,0.965987984,0.034012016,0.145562825,4036746
OR_10_08,0.706186844,0.293813156,0.17268942,3694139
OR_10_09,0.383066349,0.616933651,0.95869692,3885958
OR_10_10,0.484631526,0.515368474,0.736567429,2440124
OR_10_11,0.472803753,0.527196247,0.286805605,1683501
OR_10_12,0.678490248,0.321509752,0.599677034,1005063
OR_10_13,0.468044627,0.531955373,0.945458009,2583646
OR_10_14,0.135829996,0.864170004,0.473710865,1273820
OR_10_15,0.017679836,0.982320164,0.012476995,4893067
PA_10_01,0.411896775,0.588103225,0.247850705,2411032
PA_10_02,0.662976361,0.337023639,0.697127183,4016593
PA_10_03,0.658793235,0.341206765,0.084428716,2657303
PA_10_04,0.328367698,0.671632302,0.053258378,1892885
PA_10_05,0.611376031,0.388623969,0.244653097,1944910
PA_10_06,0.49502206,0.50497794,0.779649901,2512582
PA_10_07,0.124674204,0.875325796,0.250079561,1441865
PA_10_08,0.641404657,0.358595343,0.65049483,2114268
PA_10_09,0.621366863,0.378633137,0.583226485,1791215
PA_10_10,0.308334665,0.691665335,0.738933533,1969372
PA_10_11,0.431110729,0.568889271,0.038046459,3196903
PA_10_12,0.23377015,0.76622985,0.587895221,2641486
PA_10_13,0.678874781,0.321125219,0.380776882,4668826
PA_10_14,0.523126483,0.476873517,0.923145003,2138508
PA_10_15,0.480976673,0.519023327,0.12070798,2578879
PA_10_16,0.743691121,0.256308879,0.266183187,4801202
PA_10_17,0.316285223,0.683714777,0.319689469,3284198
PA_10_18,0.61988272,0.38011728,0.634335078,1722520
PA_10_19,0.034053444,0.965946556,0.748518839,2589176
PA_10_20,0.437589679,0.562410321,0.663311524,4192601
PA_10_21,0.737456092,0.262543908,0.178104102,3569136
PA_10_22,0.576114224,0.423885776,0.096565851,4622046
PA_10_23,0.64796621,0.35203379,0.503969831,3160554
PA_10_24,0.154040131,0.845959869,0.98606536,2131302
PA_10_25,0.772440968,0.227559032,0.577541955,2353650
PA_10_26,0.52197746,0.47802254,0.043397527,2362952
PA_10_27,0.756277771,0.243722229,0.817653982,2995285
PA_10_28,0.866382201,0.133617799,0.863784905,2284089
PA_10_29,0.855780287,0.144219713,0.190045086,3599191
PA_10_30,0.306689033,0.693310967,0.542795636,3775606
PA_10_31,0.199689671,0.800310329,0.536743986,2578285
PA_10_32,0.499806353,0.500193647,0.590200907,4759115
PA_10_33,0.518693588,0.481306412,0.319189907,4329593
PA_10_34,0.252019527,0.747980473,0.729259176,3447582
PA_10_35,0.026106466,0.973893534,0.000945247,4023585
PA_10_36,0.56158485,0.43841515,0.932241966,1497535
PA_10_37,0.450942004,0.549057996,0.03506696,2284986
PA_10_38,0.538403046,0.461596954,0.795916924,3239153
RI_10_01,0.687910393,0.312089607,0.746667584,3095670
RI_10_02,0.054994956,0.945005044,0.352738279,1009447
RI_10_03,0.706338347,0.293661653,0.696673689,2049727
RI_10_04,0.786773905,0.213226095,0.45659824,4731047
SC_10_01,0.663920981,0.336079019,0.781961915,4447990
SC_10_02,0.256571438,0.743428562,0.296458093,3485835
SC_10_03,0.773550973,0.226449027,0.965696664,1752682
SC_10_04,0.88257656,0.11742344,0.955293553,3982168
SC_10_05,0.37395915,0.62604085,0.607648142,3505756
SC_10_06,0.662663366,0.337336634,0.360674283,4068429
SC_10_07,0.264214369,0.735785631,0.476194275,3478302
SC_10_08,0.290207451,0.709792549,0.238939044,4765852
SC_10_09,0.935375938,0.064624062,0.433528449,2687471
SC_10_10,0.599116442,0.400883558,0.440085659,2303877
SC_10_11,0.034436401,0.965563599,0.92782884,1671191
SC_10_12,0.393231186,0.606768814,0.514188225,4447894
SC_10_13,0.385201883,0.614798117,0.541603499,1147284
SC_10_14,0.076540884,0.923459116,0.818518439,1519255
SC_10_15,0.653517828,0.346482172,0.772169476,3799496
SC_10_16,0.391207424,0.608792576,0.153267763,4631945
SC_10_17,0.064931033,0.935068967,0.857594623,2597228
SC_10_18,0.859180207,0.140819793,0.919214754,4230712
SD_10_01,0.562199112,0.437800888,0.110428515,1689767
SD_10_02,0.452283129,0.547716871,0.036431725,4246944
SD_10_03,0.456079541,0.543920459,0.450837544,4260270
SD_10_04,0.789474521,0.210525479,0.260855088,4993490
SD_10_05,0.69247011,0.30752989,0.275717196,2511886
TN_10_01,0.034583528,0.965416472,0.720246341,1419981
TN_10_02,0.044051194,0.955948806,0.106670412,3803345
TN_10_03,0.676167859,0.323832141,0.85638394,2411721
TN_10_04,0.402100948,0.597899052,0.034575272,2855841
TN_10_05,0.957992705,0.042007295,0.198836651,4750564
TN_10_06,0.791214112,0.208785888,0.448911426,2043569
TN_10_07,0.511905545,0.488094455,0.000656758,3269050
TN_10_08,0.075331192,0.924668808,0.934668551,2768652
TN_10_09,0.475107594,0.524892406,0.765459929,4827560
TN_10_10,0.153829516,0.846170484,0.067862066,3041287
TN_10_11,0.20010071,0.79989929,0.658704339,3702214
TN_10_12,0.110850382,0.889149618,0.118251805,2516810
TN_10_13,0.763907593,0.236092407,0.607194975,1258360
TN_10_14,0.408758467,0.591241533,0.010657093,3000897
TN_10_15,0.406254345,0.593745655,0.000386545,2467631
TN_10_16,0.737279035,0.262720965,0.939083396,3116194
TN_10_17,0.093985231,0.906014769,0.426758474,1364292
TN_10_18,0.71868594,0.28131406,0.557617181,2777767
TN_10_19,0.6084837,0.3915163,0.154544664,1483149
TN_10_20,0.996149072,0.003850928,0.190460307,4191327
TN_10_21,0.913399053,0.086600947,0.610406489,1531416
TN_10_22,0.617547127,0.382452873,0.974639539,2283293
TN_10_23,0.233053181,0.766946819,0.486482133,4640553
TN_10_24,0.481903204,0.518096796,0.317747949,4009216
TN_10_25,0.448199043,0.551800957,0.47621695,1977697
TN_10_26,0.743883781,0.256116219,0.949643452,3185184
TN_10_27,0.928558906,0.071441094,0.145795657,3773144
TN_10_28,0.702889554,0.297110446,0.981872197,1684388
TN_10_29,0.844915393,0.155084607,0.516335829,1272497
TN_10_30,0.051274352,0.948725648,0.180710499,3855815
TN_10_31,0.143442436,0.856557564,0.870860887,2648535
TX_10_01,0.000840738,0.999159262,0.086733351,3702128
TX_10_02,0.126552595,0.873447405,0.429661382,1459633
TX_10_03,0.674325685,0.325674315,0.450288441,3696107
TX_10_04,0.572207728,0.427792272,0.093219642,3497246
TX_10_05,0.493587408,0.506412592,0.880506239,1318054
TX_10_06,0.966979369,0.033020631,0.391584518,4368997
TX_10_07,0.111749926,0.888250074,0.774968362,2305768
TX_10_08,0.438266605,0.561733395,0.515175993,2949254
TX_10_09,0.026405659,0.973594341,0.941590764,3432515
TX_10_10,0.169305781,0.830694219,0.325362487,3281205
TX_10_11,0.436471753,0.563528247,0.138010058,2848388
TX_10_12,0.734429809,0.265570191,0.049367547,3831157
TX_10_13,0.19432693,0.80567307,0.820524599,1957765
TX_10_14,0.631343568,0.368656432,0.250155634,4267638
TX_10_15,0.166339318,0.833660682,0.362384306,2989834
TX_10_16,0.499013437,0.500986563,0.079301598,4852709
TX_10_17,0.565259609,0.434740391,0.599737029,2607043
TX_10_18,0.686784433,0.313215567,0.578715179,3394956
TX_10_19,0.817813056,0.182186944,0.51321413,2620442
TX_10_20,0.835150237,0.164849763,0.719105989,4678619
TX_10_21,0.154090907,0.845909093,0.927445461,1568248
TX_10_22,0.674626096,0.325373904,0.93016162,3018033
TX_10_23,0.599040552,0.400959448,0.132357055,1340844
TX_10_24,0.275224486,0.724775514,0.725466255,3045594
TX_10_25,0.078847907,0.921152093,0.648269638,3583064
TX_10_26,0.265905267,0.734094733,0.456712006,1219692
TX_10_27,0.723431825,0.276568175,0.502425891,4557332
TX_10_28,0.558608251,0.441391749,0.338141718,1071435
TX_10_29,0.357919363,0.642080637,0.360759046,1208632
TX_10_30,0.162347668,0.837652332,0.726808512,3778345
TX_10_31,0.421096882,0.578903118,0.131204845,4021160
TX_10_32,0.23523635,0.76476365,0.222000468,2854897
TX_10_33,0.961147422,0.038852578,0.201929064,2669059
TX_10_34,0.5951514,0.4048486,0.286267485,3407072
TX_10_35,0.637745411,0.362254589,0.278137804,4280298
TX_10_36,0.738129611,0.261870389,0.86710066,1210076
TX_10_37,0.993447388,0.006552612,0.135072779,2084518
TX_10_38,0.983479021,0.016520979,0.705636778,2757244
TX_10_39,0.285571441,0.714428559,0.126147551,4915204
TX_10_40,0.556423831,0.443576169,0.861695506,4312300
TX_10_41,0.952713016,0.047286984,0.586973188,3329487
TX_10_42,0.032239386,0.967760614,0.161167232,2975983
TX_10_43,0.278398978,0.721601022,0.262808698,3457341
TX_10_44,0.236282571,0.763717429,0.460986817,3576413
TX_10_45,0.524714158,0.475285842,0.782155029,1808723
TX_10_46,0.281550275,0.718449725,0.704063399,2917923
TX_10_47,0.50494402,0.49505598,0.530081055,4268244
TX_10_48,0.129220065,0.870779935,0.951744557,3291520
TX_10_49,0.514922142,0.485077858,0.554540072,3156452
TX_10_50,0.008503106,0.991496894,0.541416883,1880121
TX_10_51,0.492904688,0.507095312,0.338221204,3433525
TX_10_52,0.459344191,0.540655809,0.041810246,2535886
TX_10_53,0.222246509,0.777753491,0.406028148,1633479
TX_10_54,0.098780696,0.901219304,0.011871158,3034532
TX_10_55,0.652984653,0.347015347,0.891272501,3164328
TX_10_56,0.274676532,0.725323468,0.835528997,3027124
TX_10_57,0.976805917,0.023194083,0.690999276,4526491
TX_10_58,0.563658136,0.436341864,0.458476069,3262501
TX_10_59,0.012115689,0.987884311,0.708904656,4978993
TX_10_60,0.33202277,0.66797723,0.014816173,2886603
TX_10_61,0.317483482,0.682516518,0.176239786,1864939
TX_10_62,0.57224618,0.42775382,0.561741576,1540482
TX_10_63,0.090256771,0.909743229,0.390346137,3563696
TX_10_64,0.660145255,0.339854745,0.786544834,3700143
TX_10_65,0.971925157,0.028074843,0.367481307,3547731
TX_10_66,0.85208369,0.14791631,0.198264791,2116907
TX_10_67,0.999857436,0.000142564,0.731040941,3295502
TX_10_68,0.767606123,0.232393877,0.768036654,4708555
TX_10_69,0.350960511,0.649039489,0.796665346,4486094
TX_10_70,0.506861564,0.493138436,0.638637667,1008960
TX_10_71,0.974422109,0.025577891,0.663370653,2471080
UT_10_01,0.052161841,0.947838159,0.872000731,4480517
UT_10_02,0.869751465,0.130248535,0.440388516,3379221
UT_10_03,0.506665448,0.493334552,0.589974998,2616636
UT_10_04,0.462961852,0.537038148,0.236444402,1663317
UT_10_05,0.900096312,0.099903688,0.671459364,3054808
UT_10_06,0.826929451,0.173070549,0.114960292,1478198
UT_10_07,0.578023602,0.421976398,0.336084836,1911384
UT_10_08,0.007419124,0.992580876,0.319280803,1976684
UT_10_09,0.781668488,0.218331512,0.815249807,4889402
VA_10_01,0.662128334,0.337871666,0.585929093,4897802
VA_10_02,0.463345197,0.536654803,0.503966408,3390416
VA_10_03,0.507321491,0.492678509,0.367187696,3470367
VA_10_04,0.46232689,0.53767311,0.343402932,3790689
VA_10_05,0.192255438,0.807744562,0.250568836,4070775
VA_10_06,0.470391043,0.529608957,0.968394578,4320668
VA_10_07,0.758265378,0.241734622,0.880972304,2114728
VA_10_08,0.010706402,0.989293598,0.490101702,3478183
VA_10_09,0.623773432,0.376226568,0.257255967,3584122
VA_10_10,0.703877025,0.296122975,0.575490929,3362238
VA_10_11,0.909294794,0.090705206,0.879116408,3071752
VA_10_12,0.384196609,0.615803391,0.482328772,4185906
VA_10_13,0.162438922,0.837561078,0.760377384,4826865
VA_10_14,0.234227696,0.765772304,0.742833981,2036655
VA_10_15,0.612708045,0.387291955,0.632418244,3210216
VA_10_16,0.671092541,0.328907459,0.043080635,4079750
VA_10_17,0.315701172,0.684298828,0.364662031,2972092
VA_10_18,0.041580288,0.958419712,0.184240881,4832905
VA_10_19,0.766581898,0.233418102,0.099962585,2553859
VA_10_20,0.809394168,0.190605832,0.783538604,2727036
VA_10_21,0.418208031,0.581791969,0.193824068,4040350
VA_10_22,0.65417804,0.34582196,0.108158628,3149867
VA_10_23,0.540749044,0.459250956,0.236507976,2204173
VA_10_24,0.056613811,0.943386189,0.460981668,3237862
VA_10_25,0.699372828,0.300627172,0.975774577,1812126
VA_10_26,0.981750573,0.018249427,0.634503935,3643832
VA_10_27,0.556899907,0.443100093,0.858301826,3205717
VA_10_28,0.994072761,0.005927239,0.55147698,2065831
VA_10_29,0.541056842,0.458943158,0.510089204,2658963
VA_10_30,0.272017705,0.727982295,0.590458389,3245851
VA_10_31,0.758928196,0.241071804,0.944611191,1677756
VA_10_32,0.918659675,0.081340325,0.136565163,3501636
VA_10_33,0.12279369,0.87720631,0.732549461,4557251
VA_10_34,0.299206423,0.700793577,0.494161692,4587403
VT_10_01,0.585201106,0.414798894,0.750139662,4873577
VT_10_02,0.085249527,0.914750473,0.558920488,4562496
VT_10_03,0.00644023,0.99355977,0.334021344,1611957
VT_10_04,0.425013256,0.574986744,0.883940454,1402787
WA_10_01,0.097452868,0.902547132,0.543702914,2481589
WA_10_02,0.272898118,0.727101882,0.960980977,1408101
WA_10_03,0.327137456,0.672862544,0.378870725,2291008
WA_10_04,0.842474727,0.157525273,0.007371658,4716283
WA_10_05,0.143518625,0.856481375,0.942097702,2636905
WA_10_06,0.407285876,0.592714124,0.271391814,1743676
WA_10_07,0.232717197,0.767282803,0.354231383,3988238
WA_10_08,0.209665124,0.790334876,0.49239626,1370903
WA_10_09,0.138863079,0.861136921,0.839228739,1048209
WA_10_10,0.874247824,0.125752176,0.482070789,1846780
WA_10_11,0.527037056,0.472962944,0.562655755,4893916
WA_10_12,0.620232852,0.379767148,0.905469684,2274487
WA_10_13,0.763258715,0.236741285,0.220199602,4415787
WA_10_14,0.325210719,0.674789281,0.854350572,3206519
WA_10_15,0.990699929,0.009300071,0.660003947,2914246
WA_10_16,0.414621658,0.585378342,0.815727533,1726036
WA_10_17,0.023477658,0.976522342,0.113440173,3582731
WA_10_18,0.281376034,0.718623966,0.478435731,2288126
WA_10_19,0.732800351,0.267199649,0.482697957,3228473
WI_10_01,0.177596901,0.822403099,0.168257006,1923210
WI_10_02,0.315558703,0.684441297,0.057159843,3172509
WI_10_03,0.800513031,0.199486969,0.719510351,1409197
WI_10_04,0.327164047,0.672835953,0.600854076,4373869
WI_10_05,0.022768216,0.977231784,0.330582179,2055557
WI_10_06,0.140524914,0.859475086,0.505583545,3748521
WI_10_07,0.438592352,0.561407648,0.914152528,4803973
WI_10_08,0.233395081,0.766604919,0.623789747,4037645
WI_10_09,0.808296478,0.191703522,0.905217398,4339774
WI_10_10,0.933970801,0.066029199,0.298414018,3901316
WI_10_11,0.132455521,0.867544479,0.925239056,4423274
WI_10_12,0.134014997,0.865985003,0.842161635,4167957
WI_10_13,0.869767351,0.130232649,0.062062994,4299104
WI_10_14,0.775433738,0.224566262,0.86625029,3040066
WI_10_15,0.141799186,0.858200814,0.475251406,3443705
WI_10_16,0.72841325,0.27158675,0.033248434,4790490
WI_10_17,0.687220162,0.312779838,0.573494475,1767307
WI_10_18,0.498990713,0.501009287,0.926472714,3968381
WI_10_19,0.527057866,0.472942134,0.667010608,1537434
WI_10_20,0.471657028,0.528342972,0.388770571,3796775
WI_10_21,0.240509292,0.759490708,0.681611348,1376423
WI_10_22,0.4956499,0.5043501,0.864423268,3670523
WI_10_23,0.573110464,0.426889536,0.563622077,3395148
WI_10_24,0.20071081,0.79928919,0.636309834,2127365
WI_10_25,0.56924318,0.43075682,0.086092024,1684024
WI_10_26,0.089532564,0.910467436,0.015571383,1116861
WI_10_27,0.045325966,0.954674034,0.320501602,4974703
WV_10_01,0.694528236,0.305471764,0.028435341,2119410
WV_10_02,0.200910721,0.799089279,0.968263735,1307632
WV_10_03,0.732275315,0.267724685,0.183024936,4093429
WV_10_04,0.200131021,0.799868979,0.433265114,3164735
WV_10_05,0.974250851,0.025749149,0.307874785,2072246
WV_10_06,0.030341596,0.969658404,0.212769681,3717372
WV_10_07,0.398816528,0.601183472,0.110048738,3791134
WV_10_08,0.471420453,0.528579547,0.646656699,2756767
WV_10_09,0.517992947,0.482007053,0.580159964,4832309
WV_10_10,0.140422284,0.859577716,0.401017949,1088583
WV_10_11,0.131193167,0.868806833,0.777752963,3344128
WV_10_12,0.50928439,0.49071561,0.910685014,2734377
WV_10_13,0.626852648,0.373147352,0.676138947,1439161
WY_10_01,0.790340919,0.209659081,0.458898225,2097190
WY_10_02,0.145861049,0.854138951,0.473850196,1946202
WY_10_03,0.672492169,0.327507831,0.390859644,3555712
WY_10_04,0.194496395,0.805503605,0.273815316,3692038
WY_10_05,0.145818504,0.854181496,0.553987852,3388511
WY_10_06,0.633572309,0.366427691,0.591982106,3964305
WY_10_07,0.260512689,0.739487311,0.720965479,4161762
WY_10_08,0.605131558,0.394868442,0.280083994,4573640
WY_10_09,0.3177203,0.6822797,0.625819854,2427103
WY_10_10,0.698679248,0.301320752,0.481160959,4703411
WY_10_11,0.811517604,0.188482396,0.971163491,3024991
WY_10_12,0.685212487,0.314787513,0.117114601,2659857
WY_10_13,0.244249554,0.755750446,0.64497852,3978946
WY_10_14,0.837315919,0.162684081,0.867718169,3414245
WY_10_15,0.528555058,0.471444942,0.157267102,3084077
WY_10_16,0.585176048,0.414823952,0.606405496,2964035
WY_10_17,0.729726466,0.270273534,0.400336956,2097918
WY_10_18,0.152984788,0.847015212,0.202437157,4758915
WY_10_19,0.355140532,0.644859468,0.768549973,3396277
WY_10_20,0.115111711,0.884888289,0.521197206,3061930
WY_10_21,0.106244938,0.893755062,0.277918026,3061860
WY_10_22,0.470335703,0.529664297,0.24856956,2588460
WY_10_23,0.133282291,0.866717709,0.003279611,1689847
WY_10_24,0.170510471,0.829489529,0.005310045,4284332
WY_10_25,0.237113846,0.762886154,0.299611319,3791403
WY_10_26,0.293621426,0.706378574,0.089240373,3883686
